id	name	other_data
1001	Autauga	State
1003	Baldwin	State
1005	Barbour	State
1007	Bibb	State
1009	Blount	State
1011	Bullock	State
1013	Butler	State
1015	Calhoun	State
1017	Chambers	State
1019	Cherokee	State
1021	Chilton	State
1023	Choctaw	State
1025	Clarke	State
1027	Clay	State
1029	Cleburne	State
1031	Coffee	State
1033	Colbert	State
1035	Conecuh	State
1037	Coosa	State
1039	Covington	State
1041	Crenshaw	State
1043	Cullman	State
1045	Dale	State
1047	Dallas	State
1049	De Kalb	State
1051	Elmore	State
1053	Escambia	State
1055	Etowah	State
1057	Fayette	State
1059	Franklin	State
1061	Geneva	State
1063	Greene	State
1065	Hale	State
1067	Henry	State
1069	Houston	State
1071	Jackson	State
1073	Jefferson	State
1075	Lamar	State
1077	Lauderdale	State
1079	Lawrence	State
1081	Lee	State
1083	Limestone	State
1085	Lowndes	State
1087	Macon	State
1089	Madison	State
1091	Marengo	State
1093	Marion	State
1095	Marshall	State
1097	Mobile	State
1099	Monroe	State
1101	Montgomery	State
1103	Morgan	State
1105	Perry	State
1107	Pickens	State
1109	Pike	State
1111	Randolph	State
1113	Russell	State
1115	St. Clair	State
1117	Shelby	State
1119	Sumter	State
1121	Talladega	State
1123	Tallapoosa	State
1125	Tuscaloosa	State
1127	Walker	State
1129	Washington	State
1131	Wilcox	State
1133	Winston	State
2000	Alaska	State
2013	Aleutians East	State
2016	Aleutians West	State
2020	Anchorage	State
2050	Bethel	State
2060	Bristol Bay	State
2068	Denali	State
2070	Dillingham	State
2090	Fairbanks North Star	State
2100	Haines	State
2110	Juneau	State
2122	Kenai Peninsula	State
2130	Ketchikan Gateway	State
2150	Kodiak Island	State
2164	Lake and Peninsula	State
2170	Matanuska-Susitna	State
2180	Nome	State
2185	North Slope	State
2188	Northwest Arctic	State
2201	Prince of Wales-Outer Ketchikan	State
2220	Sitka	State
2232	Skagway-Hoonah-Angoon	State
2240	Southeast Fairbanks	State
2261	Valdez-Cordova	State
2270	Wade Hampton	State
2280	Wrangell-Petersburg	State
2282	Yakutat	State
2290	Yukon-Koyukuk	State
4000	Arizona	State
4001	Apache	State
4003	Cochise	State
4005	Coconino	State
4007	Gila	State
4009	Graham	State
4011	Greenlee	State
4012	La Paz	State
4013	Maricopa	State
4015	Mohave	State
4017	Navajo	State
4019	Pima	State
4021	Pinal	State
4023	Santa Cruz	State
4025	Yavapai	State
4027	Yuma	State
5000	Arkansas	State
5001	Arkansas	State
5003	Ashley	State
5005	Baxter	State
5007	Benton	State
5009	Boone	State
5011	Bradley	State
5013	Calhoun	State
5015	Carroll	State
5017	Chicot	State
5019	Clark	State
5021	Clay	State
5023	Cleburne	State
5025	Cleveland	State
5027	Columbia	State
5029	Conway	State
5031	Craighead	State
5033	Crawford	State
5035	Crittenden	State
5037	Cross	State
5039	Dallas	State
5041	Desha	State
5043	Drew	State
5045	Faulkner	State
5047	Franklin	State
5049	Fulton	State
5051	Garland	State
5053	Grant	State
5055	Greene	State
5057	Hempstead	State
5059	Hot Spring	State
5061	Howard	State
5063	Independence	State
5065	Izard	State
5067	Jackson	State
5069	Jefferson	State
5071	Johnson	State
5073	Lafayette	State
5075	Lawrence	State
5077	Lee	State
5079	Lincoln	State
5081	Little River	State
5083	Logan	State
5085	Lonoke	State
5087	Madison	State
5089	Marion	State
5091	Miller	State
5093	Mississippi	State
5095	Monroe	State
5097	Montgomery	State
5099	Nevada	State
5101	Newton	State
5103	Ouachita	State
5105	Perry	State
5107	Phillips	State
5109	Pike	State
5111	Poinsett	State
5113	Polk	State
5115	Pope	State
5117	Prairie	State
5119	Pulaski	State
5121	Randolph	State
5123	St. Francis	State
5125	Saline	State
5127	Scott	State
5129	Searcy	State
5131	Sebastian	State
5133	Sevier	State
5135	Sharp	State
5137	Stone	State
5139	Union	State
5141	Van Buren	State
5143	Washington	State
5145	White	State
5147	Woodruff	State
5149	Yell	State
6000	California	State
6001	Alameda	State
6003	Alpine	State
6005	Amador	State
6007	Butte	State
6009	Calaveras	State
6011	Colusa	State
6013	Contra Costa	State
6015	Del Norte	State
6017	El Dorado	State
6019	Fresno	State
6021	Glenn	State
6023	Humboldt	State
6025	Imperial	State
6027	Inyo	State
6029	Kern	State
6031	Kings	State
6033	Lake	State
6035	Lassen	State
6037	Los Angeles	State
6039	Madera	State
6041	Marin	State
6043	Mariposa	State
6045	Mendocino	State
6047	Merced	State
6049	Modoc	State
6051	Mono	State
6053	Monterey	State
6055	Napa	State
6057	Nevada	State
6059	Orange	State
6061	Placer	State
6063	Plumas	State
6065	Riverside	State
6067	Sacramento	State
6069	San Benito	State
6071	San Bernardino	State
6073	San Diego	State
6075	San Francisco	State
6077	San Joaquin	State
6079	San Luis Obispo	State
6081	San Mateo	State
6083	Santa Barbara	State
6085	Santa Clara	State
6087	Santa Cruz	State
6089	Shasta	State
6091	Sierra	State
6093	Siskiyou	State
6095	Solano	State
6097	Sonoma	State
6099	Stanislaus	State
6101	Sutter	State
6103	Tehama	State
6105	Trinity	State
6107	Tulare	State
6109	Tuolumne	State
6111	Ventura	State
6113	Yolo	State
6115	Yuba	State
8000	Colorado	State
8001	Adams	State
8003	Alamosa	State
8005	Arapahoe	State
8007	Archuleta	State
8009	Baca	State
8011	Bent	State
8013	Boulder	State
8015	Chaffee	State
8017	Cheyenne	State
8019	Clear Creek	State
8021	Conejos	State
8023	Costilla	State
8025	Crowley	State
8027	Custer	State
8029	Delta	State
8031	Denver	State
8033	Dolores	State
8035	Douglas	State
8037	Eagle	State
8039	Elbert	State
8041	El Paso	State
8043	Fremont	State
8045	Garfield	State
8047	Gilpin	State
8049	Grand	State
8051	Gunnison	State
8053	Hinsdale	State
8055	Huerfano	State
8057	Jackson	State
8059	Jefferson	State
8061	Kiowa	State
8063	Kit Carson	State
8065	Lake	State
8067	La Plata	State
8069	Larimer	State
8071	Las Animas	State
8073	Lincoln	State
8075	Logan	State
8077	Mesa	State
8079	Mineral	State
8081	Moffat	State
8083	Montezuma	State
8085	Montrose	State
8087	Morgan	State
8089	Otero	State
8091	Ouray	State
8093	Park	State
8095	Phillips	State
8097	Pitkin	State
8099	Prowers	State
8101	Pueblo	State
8103	Rio Blanco	State
8105	Rio Grande	State
8107	Routt	State
8109	Saguache	State
8111	San Juan	State
8113	San Miguel	State
8115	Sedgwick	State
8117	Summit	State
8119	Teller	State
8121	Washington	State
8123	Weld	State
8125	Yuma	State
9000	Connecticut	State
9001	Fairfield	State
9003	Hartford	State
9005	Litchfield	State
9007	Middlesex	State
9009	New Haven	State
9011	New London	State
9013	Tolland	State
9015	Windham	State
10000	Delaware	State
10001	Kent	State
10003	New Castle	State
10005	Sussex	State
11000	District of Columbia	State
11001	District of Columbia	State
12000	Florida	State
12001	Alachua	State
12003	Baker	State
12005	Bay	State
12007	Bradford	State
12009	Brevard	State
12011	Broward	State
12013	Calhoun	State
12015	Charlotte	State
12017	Citrus	State
12019	Clay	State
12021	Collier	State
12023	Columbia	State
12025	Dade	State
12027	De Soto	State
12029	Dixie	State
12031	Duval	State
12033	Escambia	State
12035	Flagler	State
12037	Franklin	State
12039	Gadsden	State
12041	Gilchrist	State
12043	Glades	State
12045	Gulf	State
12047	Hamilton	State
12049	Hardee	State
12051	Hendry	State
12053	Hernando	State
12055	Highlands	State
12057	Hillsborough	State
12059	Holmes	State
12061	Indian River	State
12063	Jackson	State
12065	Jefferson	State
12067	Lafayette	State
12069	Lake	State
12071	Lee	State
12073	Leon	State
12075	Levy	State
12077	Liberty	State
12079	Madison	State
12081	Manatee	State
12083	Marion	State
12085	Martin	State
12087	Monroe	State
12089	Nassau	State
12091	Okaloosa	State
12093	Okeechobee	State
12095	Orange	State
12097	Osceola	State
12099	Palm Beach	State
12101	Pasco	State
12103	Pinellas	State
12105	Polk	State
12107	Putnam	State
12109	St. Johns	State
12111	St. Lucie	State
12113	Santa Rosa	State
12115	Sarasota	State
12117	Seminole	State
12119	Sumter	State
12121	Suwannee	State
12123	Taylor	State
12125	Union	State
12127	Volusia	State
12129	Wakulla	State
12131	Walton	State
12133	Washington	State
13000	Georgia	State
13001	Appling	State
13003	Atkinson	State
13005	Bacon	State
13007	Baker	State
13009	Baldwin	State
13011	Banks	State
13013	Barrow	State
13015	Bartow	State
13017	Ben Hill	State
13019	Berrien	State
13021	Bibb	State
13023	Bleckley	State
13025	Brantley	State
13027	Brooks	State
13029	Bryan	State
13031	Bulloch	State
13033	Burke	State
13035	Butts	State
13037	Calhoun	State
13039	Camden	State
13043	Candler	State
13045	Carroll	State
13047	Catoosa	State
13049	Charlton	State
13051	Chatham	State
13053	Chattahoochee	State
13055	Chattooga	State
13057	Cherokee	State
13059	Clarke	State
13061	Clay	State
13063	Clayton	State
13065	Clinch	State
13067	Cobb	State
13069	Coffee	State
13071	Colquitt	State
13073	Columbia	State
13075	Cook	State
13077	Coweta	State
13079	Crawford	State
13081	Crisp	State
13083	Dade	State
13085	Dawson	State
13087	Decatur	State
13089	De Kalb	State
13091	Dodge	State
13093	Dooly	State
13095	Dougherty	State
13097	Douglas	State
13099	Early	State
13101	Echols	State
13103	Effingham	State
13105	Elbert	State
13107	Emanuel	State
13109	Evans	State
13111	Fannin	State
13113	Fayette	State
13115	Floyd	State
13117	Forsyth	State
13119	Franklin	State
13121	Fulton	State
13123	Gilmer	State
13125	Glascock	State
13127	Glynn	State
13129	Gordon	State
13131	Grady	State
13133	Greene	State
13135	Gwinnett	State
13137	Habersham	State
13139	Hall	State
13141	Hancock	State
13143	Haralson	State
13145	Harris	State
13147	Hart	State
13149	Heard	State
13151	Henry	State
13153	Houston	State
13155	Irwin	State
13157	Jackson	State
13159	Jasper	State
13161	Jeff Davis	State
13163	Jefferson	State
13165	Jenkins	State
13167	Johnson	State
13169	Jones	State
13171	Lamar	State
13173	Lanier	State
13175	Laurens	State
13177	Lee	State
13179	Liberty	State
13181	Lincoln	State
13183	Long	State
13185	Lowndes	State
13187	Lumpkin	State
13189	McDuffie	State
13191	McIntosh	State
13193	Macon	State
13195	Madison	State
13197	Marion	State
13199	Meriwether	State
13201	Miller	State
13205	Mitchell	State
13207	Monroe	State
13209	Montgomery	State
13211	Morgan	State
13213	Murray	State
13215	Muscogee	State
13217	Newton	State
13219	Oconee	State
13221	Oglethorpe	State
13223	Paulding	State
13225	Peach	State
13227	Pickens	State
13229	Pierce	State
13231	Pike	State
13233	Polk	State
13235	Pulaski	State
13237	Putnam	State
13239	Quitman	State
13241	Rabun	State
13243	Randolph	State
13245	Richmond	State
13247	Rockdale	State
13249	Schley	State
13251	Screven	State
13253	Seminole	State
13255	Spalding	State
13257	Stephens	State
13259	Stewart	State
13261	Sumter	State
13263	Talbot	State
13265	Taliaferro	State
13267	Tattnall	State
13269	Taylor	State
13271	Telfair	State
13273	Terrell	State
13275	Thomas	State
13277	Tift	State
13279	Toombs	State
13281	Towns	State
13283	Treutlen	State
13285	Troup	State
13287	Turner	State
13289	Twiggs	State
13291	Union	State
13293	Upson	State
13295	Walker	State
13297	Walton	State
13299	Ware	State
13301	Warren	State
13303	Washington	State
13305	Wayne	State
13307	Webster	State
13309	Wheeler	State
13311	White	State
13313	Whitfield	State
13315	Wilcox	State
13317	Wilkes	State
13319	Wilkinson	State
13321	Worth	State
15000	Hawaii	State
15001	Hawaii	State
15003	Honolulu	State
15005	Kalawao	State
15007	Kauai	State
15009	Maui	State
16000	Idaho	State
16001	Ada	State
16003	Adams	State
16005	Bannock	State
16007	Bear Lake	State
16009	Benewah	State
16011	Bingham	State
16013	Blaine	State
16015	Boise	State
16017	Bonner	State
16019	Bonneville	State
16021	Boundary	State
16023	Butte	State
16025	Camas	State
16027	Canyon	State
16029	Caribou	State
16031	Cassia	State
16033	Clark	State
16035	Clearwater	State
16037	Custer	State
16039	Elmore	State
16041	Franklin	State
16043	Fremont	State
16045	Gem	State
16047	Gooding	State
16049	Idaho	State
16051	Jefferson	State
16053	Jerome	State
16055	Kootenai	State
16057	Latah	State
16059	Lemhi	State
16061	Lewis	State
16063	Lincoln	State
16065	Madison	State
16067	Minidoka	State
16069	Nez Perce	State
16071	Oneida	State
16073	Owyhee	State
16075	Payette	State
16077	Power	State
16079	Shoshone	State
16081	Teton	State
16083	Twin Falls	State
16085	Valley	State
16087	Washington	State
17000	Illinois	State
17001	Adams	State
17003	Alexander	State
17005	Bond	State
17007	Boone	State
17009	Brown	State
17011	Bureau	State
17013	Calhoun	State
17015	Carroll	State
17017	Cass	State
17019	Champaign	State
17021	Christian	State
17023	Clark	State
17025	Clay	State
17027	Clinton	State
17029	Coles	State
17031	Cook	State
17033	Crawford	State
17035	Cumberland	State
17037	DeKalb	State
17039	De Witt	State
17041	Douglas	State
17043	DuPage	State
17045	Edgar	State
17047	Edwards	State
17049	Effingham	State
17051	Fayette	State
17053	Ford	State
17055	Franklin	State
17057	Fulton	State
17059	Gallatin	State
17061	Greene	State
17063	Grundy	State
17065	Hamilton	State
17067	Hancock	State
17069	Hardin	State
17071	Henderson	State
17073	Henry	State
17075	Iroquois	State
17077	Jackson	State
17079	Jasper	State
17081	Jefferson	State
17083	Jersey	State
17085	Jo Daviess	State
17087	Johnson	State
17089	Kane	State
17091	Kankakee	State
17093	Kendall	State
17095	Knox	State
17097	Lake	State
17099	La Salle	State
17101	Lawrence	State
17103	Lee	State
17105	Livingston	State
17107	Logan	State
17109	McDonough	State
17111	McHenry	State
17113	McLean	State
17115	Macon	State
17117	Macoupin	State
17119	Madison	State
17121	Marion	State
17123	Marshall	State
17125	Mason	State
17127	Massac	State
17129	Menard	State
17131	Mercer	State
17133	Monroe	State
17135	Montgomery	State
17137	Morgan	State
17139	Moultrie	State
17141	Ogle	State
17143	Peoria	State
17145	Perry	State
17147	Piatt	State
17149	Pike	State
17151	Pope	State
17153	Pulaski	State
17155	Putnam	State
17157	Randolph	State
17159	Richland	State
17161	Rock Island	State
17163	St. Clair	State
17165	Saline	State
17167	Sangamon	State
17169	Schuyler	State
17171	Scott	State
17173	Shelby	State
17175	Stark	State
17177	Stephenson	State
17179	Tazewell	State
17181	Union	State
17183	Vermilion	State
17185	Wabash	State
17187	Warren	State
17189	Washington	State
17191	Wayne	State
17193	White	State
17195	Whiteside	State
17197	Will	State
17199	Williamson	State
17201	Winnebago	State
17203	Woodford	State
18000	Indiana	State
18001	Adams	State
18003	Allen	State
18005	Bartholomew	State
18007	Benton	State
18009	Blackford	State
18011	Boone	State
18013	Brown	State
18015	Carroll	State
18017	Cass	State
18019	Clark	State
18021	Clay	State
18023	Clinton	State
18025	Crawford	State
18027	Daviess	State
18029	Dearborn	State
18031	Decatur	State
18033	De Kalb	State
18035	Delaware	State
18037	Dubois	State
18039	Elkhart	State
18041	Fayette	State
18043	Floyd	State
18045	Fountain	State
18047	Franklin	State
18049	Fulton	State
18051	Gibson	State
18053	Grant	State
18055	Greene	State
18057	Hamilton	State
18059	Hancock	State
18061	Harrison	State
18063	Hendricks	State
18065	Henry	State
18067	Howard	State
18069	Huntington	State
18071	Jackson	State
18073	Jasper	State
18075	Jay	State
18077	Jefferson	State
18079	Jennings	State
18081	Johnson	State
18083	Knox	State
18085	Kosciusko	State
18087	Lagrange	State
18089	Lake	State
18091	La Porte	State
18093	Lawrence	State
18095	Madison	State
18097	Marion	State
18099	Marshall	State
18101	Martin	State
18103	Miami	State
18105	Monroe	State
18107	Montgomery	State
18109	Morgan	State
18111	Newton	State
18113	Noble	State
18115	Ohio	State
18117	Orange	State
18119	Owen	State
18121	Parke	State
18123	Perry	State
18125	Pike	State
18127	Porter	State
18129	Posey	State
18131	Pulaski	State
18133	Putnam	State
18135	Randolph	State
18137	Ripley	State
18139	Rush	State
18141	St. Joseph	State
18143	Scott	State
18145	Shelby	State
18147	Spencer	State
18149	Starke	State
18151	Steuben	State
18153	Sullivan	State
18155	Switzerland	State
18157	Tippecanoe	State
18159	Tipton	State
18161	Union	State
18163	Vanderburgh	State
18165	Vermillion	State
18167	Vigo	State
18169	Wabash	State
18171	Warren	State
18173	Warrick	State
18175	Washington	State
18177	Wayne	State
18179	Wells	State
18181	White	State
18183	Whitley	State
19000	Iowa	State
19001	Adair	State
19003	Adams	State
19005	Allamakee	State
19007	Appanoose	State
19009	Audubon	State
19011	Benton	State
19013	Black Hawk	State
19015	Boone	State
19017	Bremer	State
19019	Buchanan	State
19021	Buena Vista	State
19023	Butler	State
19025	Calhoun	State
19027	Carroll	State
19029	Cass	State
19031	Cedar	State
19033	Cerro Gordo	State
19035	Cherokee	State
19037	Chickasaw	State
19039	Clarke	State
19041	Clay	State
19043	Clayton	State
19045	Clinton	State
19047	Crawford	State
19049	Dallas	State
19051	Davis	State
19053	Decatur	State
19055	Delaware	State
19057	Des Moines	State
19059	Dickinson	State
19061	Dubuque	State
19063	Emmet	State
19065	Fayette	State
19067	Floyd	State
19069	Franklin	State
19071	Fremont	State
19073	Greene	State
19075	Grundy	State
19077	Guthrie	State
19079	Hamilton	State
19081	Hancock	State
19083	Hardin	State
19085	Harrison	State
19087	Henry	State
19089	Howard	State
19091	Humboldt	State
19093	Ida	State
19095	Iowa	State
19097	Jackson	State
19099	Jasper	State
19101	Jefferson	State
19103	Johnson	State
19105	Jones	State
19107	Keokuk	State
19109	Kossuth	State
19111	Lee	State
19113	Linn	State
19115	Louisa	State
19117	Lucas	State
19119	Lyon	State
19121	Madison	State
19123	Mahaska	State
19125	Marion	State
19127	Marshall	State
19129	Mills	State
19131	Mitchell	State
19133	Monona	State
19135	Monroe	State
19137	Montgomery	State
19139	Muscatine	State
19141	O'Brien	State
19143	Osceola	State
19145	Page	State
19147	Palo Alto	State
19149	Plymouth	State
19151	Pocahontas	State
19153	Polk	State
19155	Pottawattamie	State
19157	Poweshiek	State
19159	Ringgold	State
19161	Sac	State
19163	Scott	State
19165	Shelby	State
19167	Sioux	State
19169	Story	State
19171	Tama	State
19173	Taylor	State
19175	Union	State
19177	Van Buren	State
19179	Wapello	State
19181	Warren	State
19183	Washington	State
19185	Wayne	State
19187	Webster	State
19189	Winnebago	State
19191	Winneshiek	State
19193	Woodbury	State
19195	Worth	State
19197	Wright	State
20000	Kansas	State
20001	Allen	State
20003	Anderson	State
20005	Atchison	State
20007	Barber	State
20009	Barton	State
20011	Bourbon	State
20013	Brown	State
20015	Butler	State
20017	Chase	State
20019	Chautauqua	State
20021	Cherokee	State
20023	Cheyenne	State
20025	Clark	State
20027	Clay	State
20029	Cloud	State
20031	Coffey	State
20033	Comanche	State
20035	Cowley	State
20037	Crawford	State
20039	Decatur	State
20041	Dickinson	State
20043	Doniphan	State
20045	Douglas	State
20047	Edwards	State
20049	Elk	State
20051	Ellis	State
20053	Ellsworth	State
20055	Finney	State
20057	Ford	State
20059	Franklin	State
20061	Geary	State
20063	Gove	State
20065	Graham	State
20067	Grant	State
20069	Gray	State
20071	Greeley	State
20073	Greenwood	State
20075	Hamilton	State
20077	Harper	State
20079	Harvey	State
20081	Haskell	State
20083	Hodgeman	State
20085	Jackson	State
20087	Jefferson	State
20089	Jewell	State
20091	Johnson	State
20093	Kearny	State
20095	Kingman	State
20097	Kiowa	State
20099	Labette	State
20101	Lane	State
20103	Leavenworth	State
20105	Lincoln	State
20107	Linn	State
20109	Logan	State
20111	Lyon	State
20113	McPherson	State
20115	Marion	State
20117	Marshall	State
20119	Meade	State
20121	Miami	State
20123	Mitchell	State
20125	Montgomery	State
20127	Morris	State
20129	Morton	State
20131	Nemaha	State
20133	Neosho	State
20135	Ness	State
20137	Norton	State
20139	Osage	State
20141	Osborne	State
20143	Ottawa	State
20145	Pawnee	State
20147	Phillips	State
20149	Pottawatomie	State
20151	Pratt	State
20153	Rawlins	State
20155	Reno	State
20157	Republic	State
20159	Rice	State
20161	Riley	State
20163	Rooks	State
20165	Rush	State
20167	Russell	State
20169	Saline	State
20171	Scott	State
20173	Sedgwick	State
20175	Seward	State
20177	Shawnee	State
20179	Sheridan	State
20181	Sherman	State
20183	Smith	State
20185	Stafford	State
20187	Stanton	State
20189	Stevens	State
20191	Sumner	State
20193	Thomas	State
20195	Trego	State
20197	Wabaunsee	State
20199	Wallace	State
20201	Washington	State
20203	Wichita	State
20205	Wilson	State
20207	Woodson	State
20209	Wyandotte	State
21000	Kentucky	State
21001	Adair	State
21003	Allen	State
21005	Anderson	State
21007	Ballard	State
21009	Barren	State
21011	Bath	State
21013	Bell	State
21015	Boone	State
21017	Bourbon	State
21019	Boyd	State
21021	Boyle	State
21023	Bracken	State
21025	Breathitt	State
21027	Breckinridge	State
21029	Bullitt	State
21031	Butler	State
21033	Caldwell	State
21035	Calloway	State
21037	Campbell	State
21039	Carlisle	State
21041	Carroll	State
21043	Carter	State
21045	Casey	State
21047	Christian	State
21049	Clark	State
21051	Clay	State
21053	Clinton	State
21055	Crittenden	State
21057	Cumberland	State
21059	Daviess	State
21061	Edmonson	State
21063	Elliott	State
21065	Estill	State
21067	Fayette	State
21069	Fleming	State
21071	Floyd	State
21073	Franklin	State
21075	Fulton	State
21077	Gallatin	State
21079	Garrard	State
21081	Grant	State
21083	Graves	State
21085	Grayson	State
21087	Green	State
21089	Greenup	State
21091	Hancock	State
21093	Hardin	State
21095	Harlan	State
21097	Harrison	State
21099	Hart	State
21101	Henderson	State
21103	Henry	State
21105	Hickman	State
21107	Hopkins	State
21109	Jackson	State
21111	Jefferson	State
21113	Jessamine	State
21115	Johnson	State
21117	Kenton	State
21119	Knott	State
21121	Knox	State
21123	Larue	State
21125	Laurel	State
21127	Lawrence	State
21129	Lee	State
21131	Leslie	State
21133	Letcher	State
21135	Lewis	State
21137	Lincoln	State
21139	Livingston	State
21141	Logan	State
21143	Lyon	State
21145	McCracken	State
21147	McCreary	State
21149	McLean	State
21151	Madison	State
21153	Magoffin	State
21155	Marion	State
21157	Marshall	State
21159	Martin	State
21161	Mason	State
21163	Meade	State
21165	Menifee	State
21167	Mercer	State
21169	Metcalfe	State
21171	Monroe	State
21173	Montgomery	State
21175	Morgan	State
21177	Muhlenberg	State
21179	Nelson	State
21181	Nicholas	State
21183	Ohio	State
21185	Oldham	State
21187	Owen	State
21189	Owsley	State
21191	Pendleton	State
21193	Perry	State
21195	Pike	State
21197	Powell	State
21199	Pulaski	State
21201	Robertson	State
21203	Rockcastle	State
21205	Rowan	State
21207	Russell	State
21209	Scott	State
21211	Shelby	State
21213	Simpson	State
21215	Spencer	State
21217	Taylor	State
21219	Todd	State
21221	Trigg	State
21223	Trimble	State
21225	Union	State
21227	Warren	State
21229	Washington	State
21231	Wayne	State
21233	Webster	State
21235	Whitley	State
21237	Wolfe	State
21239	Woodford	State
22000	Louisiana	State
22001	Acadia	State
22003	Allen	State
22005	Ascension	State
22007	Assumption	State
22009	Avoyelles	State
22011	Beauregard	State
22013	Bienville	State
22015	Bossier	State
22017	Caddo	State
22019	Calcasieu	State
22021	Caldwell	State
22023	Cameron	State
22025	Catahoula	State
22027	Claiborne	State
22029	Concordia	State
22031	De Soto	State
22033	East Baton Rouge	State
22035	East Carroll	State
22037	East Feliciana	State
22039	Evangeline	State
22041	Franklin	State
22043	Grant	State
22045	Iberia	State
22047	Iberville	State
22049	Jackson	State
22051	Jefferson	State
22053	Jefferson Davis	State
22055	Lafayette	State
22057	Lafourche	State
22059	La Salle	State
22061	Lincoln	State
22063	Livingston	State
22065	Madison	State
22067	Morehouse	State
22069	Natchitoches	State
22071	Orleans	State
22073	Ouachita	State
22075	Plaquemines	State
22077	Pointe Coupee	State
22079	Rapides	State
22081	Red River	State
22083	Richland	State
22085	Sabine	State
22087	St. Bernard	State
22089	St. Charles	State
22091	St. Helena	State
22093	St. James	State
22095	St. John the Baptist	State
22097	St. Landry	State
22099	St. Martin	State
22101	St. Mary	State
22103	St. Tammany	State
22105	Tangipahoa	State
22107	Tensas	State
22109	Terrebonne	State
22111	Union	State
22113	Vermilion	State
22115	Vernon	State
22117	Washington	State
22119	Webster	State
22121	West Baton Rouge	State
22123	West Carroll	State
22125	West Feliciana	State
22127	Winn	State
23000	Maine	State
23001	Androscoggin	State
23003	Aroostook	State
23005	Cumberland	State
23007	Franklin	State
23009	Hancock	State
23011	Kennebec	State
23013	Knox	State
23015	Lincoln	State
23017	Oxford	State
23019	Penobscot	State
23021	Piscataquis	State
23023	Sagadahoc	State
23025	Somerset	State
23027	Waldo	State
23029	Washington	State
23031	York	State
24000	Maryland	State
24001	Allegany	State
24003	Anne Arundel	State
24005	Baltimore	State
24009	Calvert	State
24011	Caroline	State
24013	Carroll	State
24015	Cecil	State
24017	Charles	State
24019	Dorchester	State
24021	Frederick	State
24023	Garrett	State
24025	Harford	State
24027	Howard	State
24029	Kent	State
24031	Montgomery	State
24033	Prince George's	State
24035	Queen Anne's	State
24037	St. Mary's	State
24039	Somerset	State
24041	Talbot	State
24043	Washington	State
24045	Wicomico	State
24047	Worcester	State
24510	Baltimore city	State
25000	Massachusetts	State
25001	Barnstable	State
25003	Berkshire	State
25005	Bristol	State
25007	Dukes	State
25009	Essex	State
25011	Franklin	State
25013	Hampden	State
25015	Hampshire	State
25017	Middlesex	State
25019	Nantucket	State
25021	Norfolk	State
25023	Plymouth	State
25025	Suffolk	State
25027	Worcester	State
26000	Michigan	State
26001	Alcona	State
26003	Alger	State
26005	Allegan	State
26007	Alpena	State
26009	Antrim	State
26011	Arenac	State
26013	Baraga	State
26015	Barry	State
26017	Bay	State
26019	Benzie	State
26021	Berrien	State
26023	Branch	State
26025	Calhoun	State
26027	Cass	State
26029	Charlevoix	State
26031	Cheboygan	State
26033	Chippewa	State
26035	Clare	State
26037	Clinton	State
26039	Crawford	State
26041	Delta	State
26043	Dickinson	State
26045	Eaton	State
26047	Emmet	State
26049	Genesee	State
26051	Gladwin	State
26053	Gogebic	State
26055	Grand Traverse	State
26057	Gratiot	State
26059	Hillsdale	State
26061	Houghton	State
26063	Huron	State
26065	Ingham	State
26067	Ionia	State
26069	Iosco	State
26071	Iron	State
26073	Isabella	State
26075	Jackson	State
26077	Kalamazoo	State
26079	Kalkaska	State
26081	Kent	State
26083	Keweenaw	State
26085	Lake	State
26087	Lapeer	State
26089	Leelanau	State
26091	Lenawee	State
26093	Livingston	State
26095	Luce	State
26097	Mackinac	State
26099	Macomb	State
26101	Manistee	State
26103	Marquette	State
26105	Mason	State
26107	Mecosta	State
26109	Menominee	State
26111	Midland	State
26113	Missaukee	State
26115	Monroe	State
26117	Montcalm	State
26119	Montmorency	State
26121	Muskegon	State
26123	Newaygo	State
26125	Oakland	State
26127	Oceana	State
26129	Ogemaw	State
26131	Ontonagon	State
26133	Osceola	State
26135	Oscoda	State
26137	Otsego	State
26139	Ottawa	State
26141	Presque Isle	State
26143	Roscommon	State
26145	Saginaw	State
26147	St. Clair	State
26149	St. Joseph	State
26151	Sanilac	State
26153	Schoolcraft	State
26155	Shiawassee	State
26157	Tuscola	State
26159	Van Buren	State
26161	Washtenaw	State
26163	Wayne	State
26165	Wexford	State
27000	Minnesota	State
27001	Aitkin	State
27003	Anoka	State
27005	Becker	State
27007	Beltrami	State
27009	Benton	State
27011	Big Stone	State
27013	Blue Earth	State
27015	Brown	State
27017	Carlton	State
27019	Carver	State
27021	Cass	State
27023	Chippewa	State
27025	Chisago	State
27027	Clay	State
27029	Clearwater	State
27031	Cook	State
27033	Cottonwood	State
27035	Crow Wing	State
27037	Dakota	State
27039	Dodge	State
27041	Douglas	State
27043	Faribault	State
27045	Fillmore	State
27047	Freeborn	State
27049	Goodhue	State
27051	Grant	State
27053	Hennepin	State
27055	Houston	State
27057	Hubbard	State
27059	Isanti	State
27061	Itasca	State
27063	Jackson	State
27065	Kanabec	State
27067	Kandiyohi	State
27069	Kittson	State
27071	Koochiching	State
27073	Lac qui Parle	State
27075	Lake	State
27077	Lake of the Woods	State
27079	Le Sueur	State
27081	Lincoln	State
27083	Lyon	State
27085	McLeod	State
27087	Mahnomen	State
27089	Marshall	State
27091	Martin	State
27093	Meeker	State
27095	Mille Lacs	State
27097	Morrison	State
27099	Mower	State
27101	Murray	State
27103	Nicollet	State
27105	Nobles	State
27107	Norman	State
27109	Olmsted	State
27111	Otter Tail	State
27113	Pennington	State
27115	Pine	State
27117	Pipestone	State
27119	Polk	State
27121	Pope	State
27123	Ramsey	State
27125	Red Lake	State
27127	Redwood	State
27129	Renville	State
27131	Rice	State
27133	Rock	State
27135	Roseau	State
27137	St. Louis	State
27139	Scott	State
27141	Sherburne	State
27143	Sibley	State
27145	Stearns	State
27147	Steele	State
27149	Stevens	State
27151	Swift	State
27153	Todd	State
27155	Traverse	State
27157	Wabasha	State
27159	Wadena	State
27161	Waseca	State
27163	Washington	State
27165	Watonwan	State
27167	Wilkin	State
27169	Winona	State
27171	Wright	State
27173	Yellow Medicine	State
28000	Mississippi	State
28001	Adams	State
28003	Alcorn	State
28005	Amite	State
28007	Attala	State
28009	Benton	State
28011	Bolivar	State
28013	Calhoun	State
28015	Carroll	State
28017	Chickasaw	State
28019	Choctaw	State
28021	Claiborne	State
28023	Clarke	State
28025	Clay	State
28027	Coahoma	State
28029	Copiah	State
28031	Covington	State
28033	DeSoto	State
28035	Forrest	State
28037	Franklin	State
28039	George	State
28041	Greene	State
28043	Grenada	State
28045	Hancock	State
28047	Harrison	State
28049	Hinds	State
28051	Holmes	State
28053	Humphreys	State
28055	Issaquena	State
28057	Itawamba	State
28059	Jackson	State
28061	Jasper	State
28063	Jefferson	State
28065	Jefferson Davis	State
28067	Jones	State
28069	Kemper	State
28071	Lafayette	State
28073	Lamar	State
28075	Lauderdale	State
28077	Lawrence	State
28079	Leake	State
28081	Lee	State
28083	Leflore	State
28085	Lincoln	State
28087	Lowndes	State
28089	Madison	State
28091	Marion	State
28093	Marshall	State
28095	Monroe	State
28097	Montgomery	State
28099	Neshoba	State
28101	Newton	State
28103	Noxubee	State
28105	Oktibbeha	State
28107	Panola	State
28109	Pearl River	State
28111	Perry	State
28113	Pike	State
28115	Pontotoc	State
28117	Prentiss	State
28119	Quitman	State
28121	Rankin	State
28123	Scott	State
28125	Sharkey	State
28127	Simpson	State
28129	Smith	State
28131	Stone	State
28133	Sunflower	State
28135	Tallahatchie	State
28137	Tate	State
28139	Tippah	State
28141	Tishomingo	State
28143	Tunica	State
28145	Union	State
28147	Walthall	State
28149	Warren	State
28151	Washington	State
28153	Wayne	State
28155	Webster	State
28157	Wilkinson	State
28159	Winston	State
28161	Yalobusha	State
28163	Yazoo	State
29000	Missouri	State
29001	Adair	State
29003	Andrew	State
29005	Atchison	State
29007	Audrain	State
29009	Barry	State
29011	Barton	State
29013	Bates	State
29015	Benton	State
29017	Bollinger	State
29019	Boone	State
29021	Buchanan	State
29023	Butler	State
29025	Caldwell	State
29027	Callaway	State
29029	Camden	State
29031	Cape Girardeau	State
29033	Carroll	State
29035	Carter	State
29037	Cass	State
29039	Cedar	State
29041	Chariton	State
29043	Christian	State
29045	Clark	State
29047	Clay	State
29049	Clinton	State
29051	Cole	State
29053	Cooper	State
29055	Crawford	State
29057	Dade	State
29059	Dallas	State
29061	Daviess	State
29063	De Kalb	State
29065	Dent	State
29067	Douglas	State
29069	Dunklin	State
29071	Franklin	State
29073	Gasconade	State
29075	Gentry	State
29077	Greene	State
29079	Grundy	State
29081	Harrison	State
29083	Henry	State
29085	Hickory	State
29087	Holt	State
29089	Howard	State
29091	Howell	State
29093	Iron	State
29095	Jackson	State
29097	Jasper	State
29099	Jefferson	State
29101	Johnson	State
29103	Knox	State
29105	Laclede	State
29107	Lafayette	State
29109	Lawrence	State
29111	Lewis	State
29113	Lincoln	State
29115	Linn	State
29117	Livingston	State
29119	McDonald	State
29121	Macon	State
29123	Madison	State
29125	Maries	State
29127	Marion	State
29129	Mercer	State
29131	Miller	State
29133	Mississippi	State
29135	Moniteau	State
29137	Monroe	State
29139	Montgomery	State
29141	Morgan	State
29143	New Madrid	State
29145	Newton	State
29147	Nodaway	State
29149	Oregon	State
29151	Osage	State
29153	Ozark	State
29155	Pemiscot	State
29157	Perry	State
29159	Pettis	State
29161	Phelps	State
29163	Pike	State
29165	Platte	State
29167	Polk	State
29169	Pulaski	State
29171	Putnam	State
29173	Ralls	State
29175	Randolph	State
29177	Ray	State
29179	Reynolds	State
29181	Ripley	State
29183	St. Charles	State
29185	St. Clair	State
29186	Ste. Genevieve	State
29187	St. Francois	State
29189	St. Louis	State
29195	Saline	State
29197	Schuyler	State
29199	Scotland	State
29201	Scott	State
29203	Shannon	State
29205	Shelby	State
29207	Stoddard	State
29209	Stone	State
29211	Sullivan	State
29213	Taney	State
29215	Texas	State
29217	Vernon	State
29219	Warren	State
29221	Washington	State
29223	Wayne	State
29225	Webster	State
29227	Worth	State
29229	Wright	State
29510	St. Louis city	State
30000	Montana	State
30001	Beaverhead	State
30003	Big Horn	State
30005	Blaine	State
30007	Broadwater	State
30009	Carbon	State
30011	Carter	State
30013	Cascade	State
30015	Chouteau	State
30017	Custer	State
30019	Daniels	State
30021	Dawson	State
30023	Deer Lodge	State
30025	Fallon	State
30027	Fergus	State
30029	Flathead	State
30031	Gallatin	State
30033	Garfield	State
30035	Glacier	State
30037	Golden Valley	State
30039	Granite	State
30041	Hill	State
30043	Jefferson	State
30045	Judith Basin	State
30047	Lake	State
30049	Lewis and Clark	State
30051	Liberty	State
30053	Lincoln	State
30055	McCone	State
30057	Madison	State
30059	Meagher	State
30061	Mineral	State
30063	Missoula	State
30065	Musselshell	State
30067	Park	State
30069	Petroleum	State
30071	Phillips	State
30073	Pondera	State
30075	Powder River	State
30077	Powell	State
30079	Prairie	State
30081	Ravalli	State
30083	Richland	State
30085	Roosevelt	State
30087	Rosebud	State
30089	Sanders	State
30091	Sheridan	State
30093	Silver Bow	State
30095	Stillwater	State
30097	Sweet Grass	State
30099	Teton	State
30101	Toole	State
30103	Treasure	State
30105	Valley	State
30107	Wheatland	State
30109	Wibaux	State
30111	Yellowstone	State
30113	Yellowstone National Park	State
31000	Nebraska	State
31001	Adams	State
31003	Antelope	State
31005	Arthur	State
31007	Banner	State
31009	Blaine	State
31011	Boone	State
31013	Box Butte	State
31015	Boyd	State
31017	Brown	State
31019	Buffalo	State
31021	Burt	State
31023	Butler	State
31025	Cass	State
31027	Cedar	State
31029	Chase	State
31031	Cherry	State
31033	Cheyenne	State
31035	Clay	State
31037	Colfax	State
31039	Cuming	State
31041	Custer	State
31043	Dakota	State
31045	Dawes	State
31047	Dawson	State
31049	Deuel	State
31051	Dixon	State
31053	Dodge	State
31055	Douglas	State
31057	Dundy	State
31059	Fillmore	State
31061	Franklin	State
31063	Frontier	State
31065	Furnas	State
31067	Gage	State
31069	Garden	State
31071	Garfield	State
31073	Gosper	State
31075	Grant	State
31077	Greeley	State
31079	Hall	State
31081	Hamilton	State
31083	Harlan	State
31085	Hayes	State
31087	Hitchcock	State
31089	Holt	State
31091	Hooker	State
31093	Howard	State
31095	Jefferson	State
31097	Johnson	State
31099	Kearney	State
31101	Keith	State
31103	Keya Paha	State
31105	Kimball	State
31107	Knox	State
31109	Lancaster	State
31111	Lincoln	State
31113	Logan	State
31115	Loup	State
31117	McPherson	State
31119	Madison	State
31121	Merrick	State
31123	Morrill	State
31125	Nance	State
31127	Nemaha	State
31129	Nuckolls	State
31131	Otoe	State
31133	Pawnee	State
31135	Perkins	State
31137	Phelps	State
31139	Pierce	State
31141	Platte	State
31143	Polk	State
31145	Red Willow	State
31147	Richardson	State
31149	Rock	State
31151	Saline	State
31153	Sarpy	State
31155	Saunders	State
31157	Scotts Bluff	State
31159	Seward	State
31161	Sheridan	State
31163	Sherman	State
31165	Sioux	State
31167	Stanton	State
31169	Thayer	State
31171	Thomas	State
31173	Thurston	State
31175	Valley	State
31177	Washington	State
31179	Wayne	State
31181	Webster	State
31183	Wheeler	State
31185	York	State
32000	Nevada	State
32001	Churchill	State
32003	Clark	State
32005	Douglas	State
32007	Elko	State
32009	Esmeralda	State
32011	Eureka	State
32013	Humboldt	State
32015	Lander	State
32017	Lincoln	State
32019	Lyon	State
32021	Mineral	State
32023	Nye	State
32027	Pershing	State
32029	Storey	State
32031	Washoe	State
32033	White Pine	State
32510	Carson City	State
33000	New Hampshire	State
33001	Belknap	State
33003	Carroll	State
33005	Cheshire	State
33007	Coos	State
33009	Grafton	State
33011	Hillsborough	State
33013	Merrimack	State
33015	Rockingham	State
33017	Strafford	State
33019	Sullivan	State
34000	New Jersey	State
34001	Atlantic	State
34003	Bergen	State
34005	Burlington	State
34007	Camden	State
34009	Cape May	State
34011	Cumberland	State
34013	Essex	State
34015	Gloucester	State
34017	Hudson	State
34019	Hunterdon	State
34021	Mercer	State
34023	Middlesex	State
34025	Monmouth	State
34027	Morris	State
34029	Ocean	State
34031	Passaic	State
34033	Salem	State
34035	Somerset	State
34037	Sussex	State
34039	Union	State
34041	Warren	State
35000	New Mexico	State
35001	Bernalillo	State
35003	Catron	State
35005	Chaves	State
35006	Cibola	State
35007	Colfax	State
35009	Curry	State
35011	De Baca	State
35013	Dona Ana	State
35015	Eddy	State
35017	Grant	State
35019	Guadalupe	State
35021	Harding	State
35023	Hidalgo	State
35025	Lea	State
35027	Lincoln	State
35028	Los Alamos	State
35029	Luna	State
35031	McKinley	State
35033	Mora	State
35035	Otero	State
35037	Quay	State
35039	Rio Arriba	State
35041	Roosevelt	State
35043	Sandoval	State
35045	San Juan	State
35047	San Miguel	State
35049	Santa Fe	State
35051	Sierra	State
35053	Socorro	State
35055	Taos	State
35057	Torrance	State
35059	Union	State
35061	Valencia	State
36000	New York	State
36001	Albany	State
36003	Allegany	State
36005	Bronx	State
36007	Broome	State
36009	Cattaraugus	State
36011	Cayuga	State
36013	Chautauqua	State
36015	Chemung	State
36017	Chenango	State
36019	Clinton	State
36021	Columbia	State
36023	Cortland	State
36025	Delaware	State
36027	Dutchess	State
36029	Erie	State
36031	Essex	State
36033	Franklin	State
36035	Fulton	State
36037	Genesee	State
36039	Greene	State
36041	Hamilton	State
36043	Herkimer	State
36045	Jefferson	State
36047	Kings	State
36049	Lewis	State
36051	Livingston	State
36053	Madison	State
36055	Monroe	State
36057	Montgomery	State
36059	Nassau	State
36061	New York	State
36063	Niagara	State
36065	Oneida	State
36067	Onondaga	State
36069	Ontario	State
36071	Orange	State
36073	Orleans	State
36075	Oswego	State
36077	Otsego	State
36079	Putnam	State
36081	Queens	State
36083	Rensselaer	State
36085	Richmond	State
36087	Rockland	State
36089	St. Lawrence	State
36091	Saratoga	State
36093	Schenectady	State
36095	Schoharie	State
36097	Schuyler	State
36099	Seneca	State
36101	Steuben	State
36103	Suffolk	State
36105	Sullivan	State
36107	Tioga	State
36109	Tompkins	State
36111	Ulster	State
36113	Warren	State
36115	Washington	State
36117	Wayne	State
36119	Westchester	State
36121	Wyoming	State
36123	Yates	State
37000	North Carolina	State
37001	Alamance	State
37003	Alexander	State
37005	Alleghany	State
37007	Anson	State
37009	Ashe	State
37011	Avery	State
37013	Beaufort	State
37015	Bertie	State
37017	Bladen	State
37019	Brunswick	State
37021	Buncombe	State
37023	Burke	State
37025	Cabarrus	State
37027	Caldwell	State
37029	Camden	State
37031	Carteret	State
37033	Caswell	State
37035	Catawba	State
37037	Chatham	State
37039	Cherokee	State
37041	Chowan	State
37043	Clay	State
37045	Cleveland	State
37047	Columbus	State
37049	Craven	State
37051	Cumberland	State
37053	Currituck	State
37055	Dare	State
37057	Davidson	State
37059	Davie	State
37061	Duplin	State
37063	Durham	State
37065	Edgecombe	State
37067	Forsyth	State
37069	Franklin	State
37071	Gaston	State
37073	Gates	State
37075	Graham	State
37077	Granville	State
37079	Greene	State
37081	Guilford	State
37083	Halifax	State
37085	Harnett	State
37087	Haywood	State
37089	Henderson	State
37091	Hertford	State
37093	Hoke	State
37095	Hyde	State
37097	Iredell	State
37099	Jackson	State
37101	Johnston	State
37103	Jones	State
37105	Lee	State
37107	Lenoir	State
37109	Lincoln	State
37111	McDowell	State
37113	Macon	State
37115	Madison	State
37117	Martin	State
37119	Mecklenburg	State
37121	Mitchell	State
37123	Montgomery	State
37125	Moore	State
37127	Nash	State
37129	New Hanover	State
37131	Northampton	State
37133	Onslow	State
37135	Orange	State
37137	Pamlico	State
37139	Pasquotank	State
37141	Pender	State
37143	Perquimans	State
37145	Person	State
37147	Pitt	State
37149	Polk	State
37151	Randolph	State
37153	Richmond	State
37155	Robeson	State
37157	Rockingham	State
37159	Rowan	State
37161	Rutherford	State
37163	Sampson	State
37165	Scotland	State
37167	Stanly	State
37169	Stokes	State
37171	Surry	State
37173	Swain	State
37175	Transylvania	State
37177	Tyrrell	State
37179	Union	State
37181	Vance	State
37183	Wake	State
37185	Warren	State
37187	Washington	State
37189	Watauga	State
37191	Wayne	State
37193	Wilkes	State
37195	Wilson	State
37197	Yadkin	State
37199	Yancey	State
38000	North Dakota	State
38001	Adams	State
38003	Barnes	State
38005	Benson	State
38007	Billings	State
38009	Bottineau	State
38011	Bowman	State
38013	Burke	State
38015	Burleigh	State
38017	Cass	State
38019	Cavalier	State
38021	Dickey	State
38023	Divide	State
38025	Dunn	State
38027	Eddy	State
38029	Emmons	State
38031	Foster	State
38033	Golden Valley	State
38035	Grand Forks	State
38037	Grant	State
38039	Griggs	State
38041	Hettinger	State
38043	Kidder	State
38045	La Moure	State
38047	Logan	State
38049	McHenry	State
38051	McIntosh	State
38053	McKenzie	State
38055	McLean	State
38057	Mercer	State
38059	Morton	State
38061	Mountrail	State
38063	Nelson	State
38065	Oliver	State
38067	Pembina	State
38069	Pierce	State
38071	Ramsey	State
38073	Ransom	State
38075	Renville	State
38077	Richland	State
38079	Rolette	State
38081	Sargent	State
38083	Sheridan	State
38085	Sioux	State
38087	Slope	State
38089	Stark	State
38091	Steele	State
38093	Stutsman	State
38095	Towner	State
38097	Traill	State
38099	Walsh	State
38101	Ward	State
38103	Wells	State
38105	Williams	State
39000	Ohio	State
39001	Adams	State
39003	Allen	State
39005	Ashland	State
39007	Ashtabula	State
39009	Athens	State
39011	Auglaize	State
39013	Belmont	State
39015	Brown	State
39017	Butler	State
39019	Carroll	State
39021	Champaign	State
39023	Clark	State
39025	Clermont	State
39027	Clinton	State
39029	Columbiana	State
39031	Coshocton	State
39033	Crawford	State
39035	Cuyahoga	State
39037	Darke	State
39039	Defiance	State
39041	Delaware	State
39043	Erie	State
39045	Fairfield	State
39047	Fayette	State
39049	Franklin	State
39051	Fulton	State
39053	Gallia	State
39055	Geauga	State
39057	Greene	State
39059	Guernsey	State
39061	Hamilton	State
39063	Hancock	State
39065	Hardin	State
39067	Harrison	State
39069	Henry	State
39071	Highland	State
39073	Hocking	State
39075	Holmes	State
39077	Huron	State
39079	Jackson	State
39081	Jefferson	State
39083	Knox	State
39085	Lake	State
39087	Lawrence	State
39089	Licking	State
39091	Logan	State
39093	Lorain	State
39095	Lucas	State
39097	Madison	State
39099	Mahoning	State
39101	Marion	State
39103	Medina	State
39105	Meigs	State
39107	Mercer	State
39109	Miami	State
39111	Monroe	State
39113	Montgomery	State
39115	Morgan	State
39117	Morrow	State
39119	Muskingum	State
39121	Noble	State
39123	Ottawa	State
39125	Paulding	State
39127	Perry	State
39129	Pickaway	State
39131	Pike	State
39133	Portage	State
39135	Preble	State
39137	Putnam	State
39139	Richland	State
39141	Ross	State
39143	Sandusky	State
39145	Scioto	State
39147	Seneca	State
39149	Shelby	State
39151	Stark	State
39153	Summit	State
39155	Trumbull	State
39157	Tuscarawas	State
39159	Union	State
39161	Van Wert	State
39163	Vinton	State
39165	Warren	State
39167	Washington	State
39169	Wayne	State
39171	Williams	State
39173	Wood	State
39175	Wyandot	State
40000	Oklahoma	State
40001	Adair	State
40003	Alfalfa	State
40005	Atoka	State
40007	Beaver	State
40009	Beckham	State
40011	Blaine	State
40013	Bryan	State
40015	Caddo	State
40017	Canadian	State
40019	Carter	State
40021	Cherokee	State
40023	Choctaw	State
40025	Cimarron	State
40027	Cleveland	State
40029	Coal	State
40031	Comanche	State
40033	Cotton	State
40035	Craig	State
40037	Creek	State
40039	Custer	State
40041	Delaware	State
40043	Dewey	State
40045	Ellis	State
40047	Garfield	State
40049	Garvin	State
40051	Grady	State
40053	Grant	State
40055	Greer	State
40057	Harmon	State
40059	Harper	State
40061	Haskell	State
40063	Hughes	State
40065	Jackson	State
40067	Jefferson	State
40069	Johnston	State
40071	Kay	State
40073	Kingfisher	State
40075	Kiowa	State
40077	Latimer	State
40079	Le Flore	State
40081	Lincoln	State
40083	Logan	State
40085	Love	State
40087	McClain	State
40089	McCurtain	State
40091	McIntosh	State
40093	Major	State
40095	Marshall	State
40097	Mayes	State
40099	Murray	State
40101	Muskogee	State
40103	Noble	State
40105	Nowata	State
40107	Okfuskee	State
40109	Oklahoma	State
40111	Okmulgee	State
40113	Osage	State
40115	Ottawa	State
40117	Pawnee	State
40119	Payne	State
40121	Pittsburg	State
40123	Pontotoc	State
40125	Pottawatomie	State
40127	Pushmataha	State
40129	Roger Mills	State
40131	Rogers	State
40133	Seminole	State
40135	Sequoyah	State
40137	Stephens	State
40139	Texas	State
40141	Tillman	State
40143	Tulsa	State
40145	Wagoner	State
40147	Washington	State
40149	Washita	State
40151	Woods	State
40153	Woodward	State
41000	Oregon	State
41001	Baker	State
41003	Benton	State
41005	Clackamas	State
41007	Clatsop	State
41009	Columbia	State
41011	Coos	State
41013	Crook	State
41015	Curry	State
41017	Deschutes	State
41019	Douglas	State
41021	Gilliam	State
41023	Grant	State
41025	Harney	State
41027	Hood River	State
41029	Jackson	State
41031	Jefferson	State
41033	Josephine	State
41035	Klamath	State
41037	Lake	State
41039	Lane	State
41041	Lincoln	State
41043	Linn	State
41045	Malheur	State
41047	Marion	State
41049	Morrow	State
41051	Multnomah	State
41053	Polk	State
41055	Sherman	State
41057	Tillamook	State
41059	Umatilla	State
41061	Union	State
41063	Wallowa	State
41065	Wasco	State
41067	Washington	State
41069	Wheeler	State
41071	Yamhill	State
42000	Pennsylvania	State
42001	Adams	State
42003	Allegheny	State
42005	Armstrong	State
42007	Beaver	State
42009	Bedford	State
42011	Berks	State
42013	Blair	State
42015	Bradford	State
42017	Bucks	State
42019	Butler	State
42021	Cambria	State
42023	Cameron	State
42025	Carbon	State
42027	Centre	State
42029	Chester	State
42031	Clarion	State
42033	Clearfield	State
42035	Clinton	State
42037	Columbia	State
42039	Crawford	State
42041	Cumberland	State
42043	Dauphin	State
42045	Delaware	State
42047	Elk	State
42049	Erie	State
42051	Fayette	State
42053	Forest	State
42055	Franklin	State
42057	Fulton	State
42059	Greene	State
42061	Huntingdon	State
42063	Indiana	State
42065	Jefferson	State
42067	Juniata	State
42069	Lackawanna	State
42071	Lancaster	State
42073	Lawrence	State
42075	Lebanon	State
42077	Lehigh	State
42079	Luzerne	State
42081	Lycoming	State
42083	McKean	State
42085	Mercer	State
42087	Mifflin	State
42089	Monroe	State
42091	Montgomery	State
42093	Montour	State
42095	Northampton	State
42097	Northumberland	State
42099	Perry	State
42101	Philadelphia	State
42103	Pike	State
42105	Potter	State
42107	Schuylkill	State
42109	Snyder	State
42111	Somerset	State
42113	Sullivan	State
42115	Susquehanna	State
42117	Tioga	State
42119	Union	State
42121	Venango	State
42123	Warren	State
42125	Washington	State
42127	Wayne	State
42129	Westmoreland	State
42131	Wyoming	State
42133	York	State
44000	Rhode Island	State
44001	Bristol	State
44003	Kent	State
44005	Newport	State
44007	Providence	State
44009	Washington	State
45000	South Carolina	State
45001	Abbeville	State
45003	Aiken	State
45005	Allendale	State
45007	Anderson	State
45009	Bamberg	State
45011	Barnwell	State
45013	Beaufort	State
45015	Berkeley	State
45017	Calhoun	State
45019	Charleston	State
45021	Cherokee	State
45023	Chester	State
45025	Chesterfield	State
45027	Clarendon	State
45029	Colleton	State
45031	Darlington	State
45033	Dillon	State
45035	Dorchester	State
45037	Edgefield	State
45039	Fairfield	State
45041	Florence	State
45043	Georgetown	State
45045	Greenville	State
45047	Greenwood	State
45049	Hampton	State
45051	Horry	State
45053	Jasper	State
45055	Kershaw	State
45057	Lancaster	State
45059	Laurens	State
45061	Lee	State
45063	Lexington	State
45065	McCormick	State
45067	Marion	State
45069	Marlboro	State
45071	Newberry	State
45073	Oconee	State
45075	Orangeburg	State
45077	Pickens	State
45079	Richland	State
45081	Saluda	State
45083	Spartanburg	State
45085	Sumter	State
45087	Union	State
45089	Williamsburg	State
45091	York	State
46000	South Dakota	State
46003	Aurora	State
46005	Beadle	State
46007	Bennett	State
46009	Bon Homme	State
46011	Brookings	State
46013	Brown	State
46015	Brule	State
46017	Buffalo	State
46019	Butte	State
46021	Campbell	State
46023	Charles Mix	State
46025	Clark	State
46027	Clay	State
46029	Codington	State
46031	Corson	State
46033	Custer	State
46035	Davison	State
46037	Day	State
46039	Deuel	State
46041	Dewey	State
46043	Douglas	State
46045	Edmunds	State
46047	Fall River	State
46049	Faulk	State
46051	Grant	State
46053	Gregory	State
46055	Haakon	State
46057	Hamlin	State
46059	Hand	State
46061	Hanson	State
46063	Harding	State
46065	Hughes	State
46067	Hutchinson	State
46069	Hyde	State
46071	Jackson	State
46073	Jerauld	State
46075	Jones	State
46077	Kingsbury	State
46079	Lake	State
46081	Lawrence	State
46083	Lincoln	State
46085	Lyman	State
46087	McCook	State
46089	McPherson	State
46091	Marshall	State
46093	Meade	State
46095	Mellette	State
46097	Miner	State
46099	Minnehaha	State
46101	Moody	State
46103	Pennington	State
46105	Perkins	State
46107	Potter	State
46109	Roberts	State
46111	Sanborn	State
46113	Shannon	State
46115	Spink	State
46117	Stanley	State
46119	Sully	State
46121	Todd	State
46123	Tripp	State
46125	Turner	State
46127	Union	State
46129	Walworth	State
46135	Yankton	State
46137	Ziebach	State
47000	Tennessee	State
47001	Anderson	State
47003	Bedford	State
47005	Benton	State
47007	Bledsoe	State
47009	Blount	State
47011	Bradley	State
47013	Campbell	State
47015	Cannon	State
47017	Carroll	State
47019	Carter	State
47021	Cheatham	State
47023	Chester	State
47025	Claiborne	State
47027	Clay	State
47029	Cocke	State
47031	Coffee	State
47033	Crockett	State
47035	Cumberland	State
47037	Davidson	State
47039	Decatur	State
47041	DeKalb	State
47043	Dickson	State
47045	Dyer	State
47047	Fayette	State
47049	Fentress	State
47051	Franklin	State
47053	Gibson	State
47055	Giles	State
47057	Grainger	State
47059	Greene	State
47061	Grundy	State
47063	Hamblen	State
47065	Hamilton	State
47067	Hancock	State
47069	Hardeman	State
47071	Hardin	State
47073	Hawkins	State
47075	Haywood	State
47077	Henderson	State
47079	Henry	State
47081	Hickman	State
47083	Houston	State
47085	Humphreys	State
47087	Jackson	State
47089	Jefferson	State
47091	Johnson	State
47093	Knox	State
47095	Lake	State
47097	Lauderdale	State
47099	Lawrence	State
47101	Lewis	State
47103	Lincoln	State
47105	Loudon	State
47107	McMinn	State
47109	McNairy	State
47111	Macon	State
47113	Madison	State
47115	Marion	State
47117	Marshall	State
47119	Maury	State
47121	Meigs	State
47123	Monroe	State
47125	Montgomery	State
47127	Moore	State
47129	Morgan	State
47131	Obion	State
47133	Overton	State
47135	Perry	State
47137	Pickett	State
47139	Polk	State
47141	Putnam	State
47143	Rhea	State
47145	Roane	State
47147	Robertson	State
47149	Rutherford	State
47151	Scott	State
47153	Sequatchie	State
47155	Sevier	State
47157	Shelby	State
47159	Smith	State
47161	Stewart	State
47163	Sullivan	State
47165	Sumner	State
47167	Tipton	State
47169	Trousdale	State
47171	Unicoi	State
47173	Union	State
47175	Van Buren	State
47177	Warren	State
47179	Washington	State
47181	Wayne	State
47183	Weakley	State
47185	White	State
47187	Williamson	State
47189	Wilson	State
48000	Texas	State
48001	Anderson	State
48003	Andrews	State
48005	Angelina	State
48007	Aransas	State
48009	Archer	State
48011	Armstrong	State
48013	Atascosa	State
48015	Austin	State
48017	Bailey	State
48019	Bandera	State
48021	Bastrop	State
48023	Baylor	State
48025	Bee	State
48027	Bell	State
48029	Bexar	State
48031	Blanco	State
48033	Borden	State
48035	Bosque	State
48037	Bowie	State
48039	Brazoria	State
48041	Brazos	State
48043	Brewster	State
48045	Briscoe	State
48047	Brooks	State
48049	Brown	State
48051	Burleson	State
48053	Burnet	State
48055	Caldwell	State
48057	Calhoun	State
48059	Callahan	State
48061	Cameron	State
48063	Camp	State
48065	Carson	State
48067	Cass	State
48069	Castro	State
48071	Chambers	State
48073	Cherokee	State
48075	Childress	State
48077	Clay	State
48079	Cochran	State
48081	Coke	State
48083	Coleman	State
48085	Collin	State
48087	Collingsworth	State
48089	Colorado	State
48091	Comal	State
48093	Comanche	State
48095	Concho	State
48097	Cooke	State
48099	Coryell	State
48101	Cottle	State
48103	Crane	State
48105	Crockett	State
48107	Crosby	State
48109	Culberson	State
48111	Dallam	State
48113	Dallas	State
48115	Dawson	State
48117	Deaf Smith	State
48119	Delta	State
48121	Denton	State
48123	De Witt	State
48125	Dickens	State
48127	Dimmit	State
48129	Donley	State
48131	Duval	State
48133	Eastland	State
48135	Ector	State
48137	Edwards	State
48139	Ellis	State
48141	El Paso	State
48143	Erath	State
48145	Falls	State
48147	Fannin	State
48149	Fayette	State
48151	Fisher	State
48153	Floyd	State
48155	Foard	State
48157	Fort Bend	State
48159	Franklin	State
48161	Freestone	State
48163	Frio	State
48165	Gaines	State
48167	Galveston	State
48169	Garza	State
48171	Gillespie	State
48173	Glasscock	State
48175	Goliad	State
48177	Gonzales	State
48179	Gray	State
48181	Grayson	State
48183	Gregg	State
48185	Grimes	State
48187	Guadalupe	State
48189	Hale	State
48191	Hall	State
48193	Hamilton	State
48195	Hansford	State
48197	Hardeman	State
48199	Hardin	State
48201	Harris	State
48203	Harrison	State
48205	Hartley	State
48207	Haskell	State
48209	Hays	State
48211	Hemphill	State
48213	Henderson	State
48215	Hidalgo	State
48217	Hill	State
48219	Hockley	State
48221	Hood	State
48223	Hopkins	State
48225	Houston	State
48227	Howard	State
48229	Hudspeth	State
48231	Hunt	State
48233	Hutchinson	State
48235	Irion	State
48237	Jack	State
48239	Jackson	State
48241	Jasper	State
48243	Jeff Davis	State
48245	Jefferson	State
48247	Jim Hogg	State
48249	Jim Wells	State
48251	Johnson	State
48253	Jones	State
48255	Karnes	State
48257	Kaufman	State
48259	Kendall	State
48261	Kenedy	State
48263	Kent	State
48265	Kerr	State
48267	Kimble	State
48269	King	State
48271	Kinney	State
48273	Kleberg	State
48275	Knox	State
48277	Lamar	State
48279	Lamb	State
48281	Lampasas	State
48283	La Salle	State
48285	Lavaca	State
48287	Lee	State
48289	Leon	State
48291	Liberty	State
48293	Limestone	State
48295	Lipscomb	State
48297	Live Oak	State
48299	Llano	State
48301	Loving	State
48303	Lubbock	State
48305	Lynn	State
48307	McCulloch	State
48309	McLennan	State
48311	McMullen	State
48313	Madison	State
48315	Marion	State
48317	Martin	State
48319	Mason	State
48321	Matagorda	State
48323	Maverick	State
48325	Medina	State
48327	Menard	State
48329	Midland	State
48331	Milam	State
48333	Mills	State
48335	Mitchell	State
48337	Montague	State
48339	Montgomery	State
48341	Moore	State
48343	Morris	State
48345	Motley	State
48347	Nacogdoches	State
48349	Navarro	State
48351	Newton	State
48353	Nolan	State
48355	Nueces	State
48357	Ochiltree	State
48359	Oldham	State
48361	Orange	State
48363	Palo Pinto	State
48365	Panola	State
48367	Parker	State
48369	Parmer	State
48371	Pecos	State
48373	Polk	State
48375	Potter	State
48377	Presidio	State
48379	Rains	State
48381	Randall	State
48383	Reagan	State
48385	Real	State
48387	Red River	State
48389	Reeves	State
48391	Refugio	State
48393	Roberts	State
48395	Robertson	State
48397	Rockwall	State
48399	Runnels	State
48401	Rusk	State
48403	Sabine	State
48405	San Augustine	State
48407	San Jacinto	State
48409	San Patricio	State
48411	San Saba	State
48413	Schleicher	State
48415	Scurry	State
48417	Shackelford	State
48419	Shelby	State
48421	Sherman	State
48423	Smith	State
48425	Somervell	State
48427	Starr	State
48429	Stephens	State
48431	Sterling	State
48433	Stonewall	State
48435	Sutton	State
48437	Swisher	State
48439	Tarrant	State
48441	Taylor	State
48443	Terrell	State
48445	Terry	State
48447	Throckmorton	State
48449	Titus	State
48451	Tom Green	State
48453	Travis	State
48455	Trinity	State
48457	Tyler	State
48459	Upshur	State
48461	Upton	State
48463	Uvalde	State
48465	Val Verde	State
48467	Van Zandt	State
48469	Victoria	State
48471	Walker	State
48473	Waller	State
48475	Ward	State
48477	Washington	State
48479	Webb	State
48481	Wharton	State
48483	Wheeler	State
48485	Wichita	State
48487	Wilbarger	State
48489	Willacy	State
48491	Williamson	State
48493	Wilson	State
48495	Winkler	State
48497	Wise	State
48499	Wood	State
48501	Yoakum	State
48503	Young	State
48505	Zapata	State
48507	Zavala	State
49000	Utah	State
49001	Beaver	State
49003	Box Elder	State
49005	Cache	State
49007	Carbon	State
49009	Daggett	State
49011	Davis	State
49013	Duchesne	State
49015	Emery	State
49017	Garfield	State
49019	Grand	State
49021	Iron	State
49023	Juab	State
49025	Kane	State
49027	Millard	State
49029	Morgan	State
49031	Piute	State
49033	Rich	State
49035	Salt Lake	State
49037	San Juan	State
49039	Sanpete	State
49041	Sevier	State
49043	Summit	State
49045	Tooele	State
49047	Uintah	State
49049	Utah	State
49051	Wasatch	State
49053	Washington	State
49055	Wayne	State
49057	Weber	State
50000	Vermont	State
50001	Addison	State
50003	Bennington	State
50005	Caledonia	State
50007	Chittenden	State
50009	Essex	State
50011	Franklin	State
50013	Grand Isle	State
50015	Lamoille	State
50017	Orange	State
50019	Orleans	State
50021	Rutland	State
50023	Washington	State
50025	Windham	State
50027	Windsor	State
51000	Virginia	State
51001	Accomack	State
51003	Albemarle	State
51005	Alleghany	State
51007	Amelia	State
51009	Amherst	State
51011	Appomattox	State
51013	Arlington	State
51015	Augusta	State
51017	Bath	State
51019	Bedford	State
51021	Bland	State
51023	Botetourt	State
51025	Brunswick	State
51027	Buchanan	State
51029	Buckingham	State
51031	Campbell	State
51033	Caroline	State
51035	Carroll	State
51036	Charles City	State
51037	Charlotte	State
51041	Chesterfield	State
51043	Clarke	State
51045	Craig	State
51047	Culpeper	State
51049	Cumberland	State
51051	Dickenson	State
51053	Dinwiddie	State
51057	Essex	State
51059	Fairfax	State
51061	Fauquier	State
51063	Floyd	State
51065	Fluvanna	State
51067	Franklin	State
51069	Frederick	State
51071	Giles	State
51073	Gloucester	State
51075	Goochland	State
51077	Grayson	State
51079	Greene	State
51081	Greensville	State
51083	Halifax	State
51085	Hanover	State
51087	Henrico	State
51089	Henry	State
51091	Highland	State
51093	Isle of Wight	State
51095	James City	State
51097	King and Queen	State
51099	King George	State
51101	King William	State
51103	Lancaster	State
51105	Lee	State
51107	Loudoun	State
51109	Louisa	State
51111	Lunenburg	State
51113	Madison	State
51115	Mathews	State
51117	Mecklenburg	State
51119	Middlesex	State
51121	Montgomery	State
51125	Nelson	State
51127	New Kent	State
51131	Northampton	State
51133	Northumberland	State
51135	Nottoway	State
51137	Orange	State
51139	Page	State
51141	Patrick	State
51143	Pittsylvania	State
51145	Powhatan	State
51147	Prince Edward	State
51149	Prince George	State
51153	Prince William	State
51155	Pulaski	State
51157	Rappahannock	State
51159	Richmond	State
51161	Roanoke	State
51163	Rockbridge	State
51165	Rockingham	State
51167	Russell	State
51169	Scott	State
51171	Shenandoah	State
51173	Smyth	State
51175	Southampton	State
51177	Spotsylvania	State
51179	Stafford	State
51181	Surry	State
51183	Sussex	State
51185	Tazewell	State
51187	Warren	State
51191	Washington	State
51193	Westmoreland	State
51195	Wise	State
51197	Wythe	State
51199	York	State
51510	Alexandria	State
51515	Bedford	State
51520	Bristol	State
51530	Buena Vista	State
51540	Charlottesville	State
51550	Chesapeake	State
51560	Clifton Forge	State
51570	Colonial Heights	State
51580	Covington	State
51590	Danville	State
51595	Emporia	State
51600	Fairfax	State
51610	Falls Church	State
51620	Franklin	State
51630	Fredericksburg	State
51640	Galax	State
51650	Hampton	State
51660	Harrisonburg	State
51670	Hopewell	State
51678	Lexington	State
51680	Lynchburg	State
51683	Manassas	State
51685	Manassas Park	State
51690	Martinsville	State
51700	Newport News	State
51710	Norfolk	State
51720	Norton	State
51730	Petersburg	State
51735	Poquoson	State
51740	Portsmouth	State
51750	Radford	State
51760	Richmond	State
51770	Roanoke	State
51775	Salem	State
51780	South Boston	State
51790	Staunton	State
51800	Suffolk	State
51810	Virginia Beach	State
51820	Waynesboro	State
51830	Williamsburg	State
51840	Winchester	State
53000	Washington	State
53001	Adams	State
53003	Asotin	State
53005	Benton	State
53007	Chelan	State
53009	Clallam	State
53011	Clark	State
53013	Columbia	State
53015	Cowlitz	State
53017	Douglas	State
53019	Ferry	State
53021	Franklin	State
53023	Garfield	State
53025	Grant	State
53027	Grays Harbor	State
53029	Island	State
53031	Jefferson	State
53033	King	State
53035	Kitsap	State
53037	Kittitas	State
53039	Klickitat	State
53041	Lewis	State
53043	Lincoln	State
53045	Mason	State
53047	Okanogan	State
53049	Pacific	State
53051	Pend Oreille	State
53053	Pierce	State
53055	San Juan	State
53057	Skagit	State
53059	Skamania	State
53061	Snohomish	State
53063	Spokane	State
53065	Stevens	State
53067	Thurston	State
53069	Wahkiakum	State
53071	Walla Walla	State
53073	Whatcom	State
53075	Whitman	State
53077	Yakima	State
54000	West Virginia	State
54001	Barbour	State
54003	Berkeley	State
54005	Boone	State
54007	Braxton	State
54009	Brooke	State
54011	Cabell	State
54013	Calhoun	State
54015	Clay	State
54017	Doddridge	State
54019	Fayette	State
54021	Gilmer	State
54023	Grant	State
54025	Greenbrier	State
54027	Hampshire	State
54029	Hancock	State
54031	Hardy	State
54033	Harrison	State
54035	Jackson	State
54037	Jefferson	State
54039	Kanawha	State
54041	Lewis	State
54043	Lincoln	State
54045	Logan	State
54047	McDowell	State
54049	Marion	State
54051	Marshall	State
54053	Mason	State
54055	Mercer	State
54057	Mineral	State
54059	Mingo	State
54061	Monongalia	State
54063	Monroe	State
54065	Morgan	State
54067	Nicholas	State
54069	Ohio	State
54071	Pendleton	State
54073	Pleasants	State
54075	Pocahontas	State
54077	Preston	State
54079	Putnam	State
54081	Raleigh	State
54083	Randolph	State
54085	Ritchie	State
54087	Roane	State
54089	Summers	State
54091	Taylor	State
54093	Tucker	State
54095	Tyler	State
54097	Upshur	State
54099	Wayne	State
54101	Webster	State
54103	Wetzel	State
54105	Wirt	State
54107	Wood	State
54109	Wyoming	State
55000	Wisconsin	State
55001	Adams	State
55003	Ashland	State
55005	Barron	State
55007	Bayfield	State
55009	Brown	State
55011	Buffalo	State
55013	Burnett	State
55015	Calumet	State
55017	Chippewa	State
55019	Clark	State
55021	Columbia	State
55023	Crawford	State
55025	Dane	State
55027	Dodge	State
55029	Door	State
55031	Douglas	State
55033	Dunn	State
55035	Eau Claire	State
55037	Florence	State
55039	Fond du Lac	State
55041	Forest	State
55043	Grant	State
55045	Green	State
55047	Green Lake	State
55049	Iowa	State
55051	Iron	State
55053	Jackson	State
55055	Jefferson	State
55057	Juneau	State
55059	Kenosha	State
55061	Kewaunee	State
55063	La Crosse	State
55065	Lafayette	State
55067	Langlade	State
55069	Lincoln	State
55071	Manitowoc	State
55073	Marathon	State
55075	Marinette	State
55077	Marquette	State
55078	Menominee	State
55079	Milwaukee	State
55081	Monroe	State
55083	Oconto	State
55085	Oneida	State
55087	Outagamie	State
55089	Ozaukee	State
55091	Pepin	State
55093	Pierce	State
55095	Polk	State
55097	Portage	State
55099	Price	State
55101	Racine	State
55103	Richland	State
55105	Rock	State
55107	Rusk	State
55109	St. Croix	State
55111	Sauk	State
55113	Sawyer	State
55115	Shawano	State
55117	Sheboygan	State
55119	Taylor	State
55121	Trempealeau	State
55123	Vernon	State
55125	Vilas	State
55127	Walworth	State
55129	Washburn	State
55131	Washington	State
55133	Waukesha	State
55135	Waupaca	State
55137	Waushara	State
55139	Winnebago	State
55141	Wood	State
56000	Wyoming	State
56001	Albany	State
56003	Big Horn	State
56005	Campbell	State
56007	Carbon	State
56009	Converse	State
56011	Crook	State
56013	Fremont	State
56015	Goshen	State
56017	Hot Springs	State
56019	Johnson	State
56021	Laramie	State
56023	Lincoln	State
56025	Natrona	State
56027	Niobrara	State
56029	Park	State
56031	Platte	State
56033	Sheridan	State
56035	Sublette	State
56037	Sweetwater	State
56039	Teton	State
56041	Uinta	State
56043	Washakie	State
56045	Weston	State
60000	America Somoa	State
60010	Eastern	State
60020	Manu'a	State
60030	Rose Island	State
60040	Swains Island	State
60050	Western	State
64000	Federated States of Micronesia	State
64002	Chuuk	State
64005	Kosrae	State
64040	Pohnpeit	State
64060	Yap	State
66000	Guam	State
66010	Guam	State
68000	Marshall Islands	State
68007	Ailinginae	State
68010	Ailinglaplap	State
68030	Ailuk	State
68040	Arno	State
68050	Aur	State
68060	Bikar	State
68070	Bikini	State
68073	Bokak	State
68080	Ebon	State
68090	Enewetak	State
68100	Erikub	State
68110	Jabat	State
68120	Jaluit	State
68130	Jemo	State
68140	Kili	State
68150	Kwajalein	State
68160	Lae	State
68170	Lib	State
68180	Likiep	State
68190	Majuro	State
68300	Maloelap	State
68310	Mejit	State
68320	Mili	State
68330	Namorik	State
68340	Namu	State
68350	Rongelap	State
68360	Rongrik	State
68385	Toke	State
68390	Ujae	State
68400	Ujelang	State
68410	Utrik	State
68420	Wotho	State
68430	Wotle	State
69000	Northern Mariana Islands	State
69085	Northern Islands	State
69100	Rota	State
69110	Saipan	State
69120	Tinian	State
70000	Palau	State
70002	Aimeliik	State
70004	Airai	State
70212	Melekeok	State
70214	Ngaraard	State
70227	Ngernmlengui	State
70228	Ngiwal	State
72000	Puerto Rico	State
72001	Adjuntas	State
72003	Aguada	State
72005	Aguadilla	State
72007	Aguas Buenas	State
72009	Aibonito	State
72011	Anasco	State
72013	Arecibo	State
72015	Arroyo	State
72017	Barceloneta	State
72019	Barranquitas	State
72021	Bayamo'n	State
72023	Cabo Rojo	State
72025	Caguas	State
72027	Camuy	State
72029	Canovanas	State
72031	Carolina	State
72033	Catano	State
72035	Cayey	State
72037	Ceiba	State
72041	Cidra	State
72043	Coamo	State
72045	Comerio	State
72047	Corozal	State
72049	Culebra	State
72051	Dorado	State
72053	Fajardo	State
72054	Florida	State
72055	Guanica	State
72057	Guayama	State
72059	Guayanilla	State
72061	Guaynabo	State
72063	Gurabo	State
72065	Hatillo	State
72067	Hormigueros	State
72069	Humacao	State
72071	Isabela	State
72073	Jayuya	State
72075	Juana Diaz	State
72077	Juncos	State
72079	Lajas	State
72081	Lares	State
72083	Las Marias	State
72085	Las Piedras	State
72087	Loiza	State
72089	Luquillo	State
72091	Manati	State
72093	Maricao	State
72097	Mayaguez	State
72099	Moca	State
72101	Morovis	State
72103	Naguabo	State
72105	Naranjito	State
72107	Orocovis	State
72109	Patillas	State
72111	Penuelas	State
72113	Ponce	State
72115	Quebradillas	State
72117	Rincon	State
72119	Rio Grande	State
72121	Sabana Grande	State
72123	Salinas	State
72125	San German	State
72127	San Juan	State
72129	San Lorenzo	State
72131	San Sebastian	State
72133	Santa Isabel	State
72135	Toa Alta	State
72137	Toa Baja	State
72139	Trujillo Alto	State
72141	Utuado	State
72143	Vega Alta	State
72145	Vega Baja	State
72147	Vieques	State
72149	Villalba	State
72151	Yabucoa	State
72153	Yauco	State
74000	U.S. Minor Outlying Islands	State
74050	Baker Island	State
74100	Howland Island	State
74150	Jarvis Island	State
74200	Johnston Island	State
74250	Kingman Reef	State
74300	Midway Islands	State
74350	Navassa Island	State
74400	Palmyra Atoll	State
74450	Wake Island	State
78000	Virgin Islands of the United States	State
78010	Angaur	State
78010	St. Croix	State
78020	St. John	State
78030	St. Thomas	State
78050	Hatoboheit	State
78100	Kayangel	State
78150	Koror	State
78218	Ngarchelong	State
78222	Ngardmau	State
78224	Ngatpang	State
78226	Ngchesar	State
78350	Peleliu	State
78370	Sonsorol	State